Date,Commodity,HS_Code,Export_Value_USD,Weight_kg,USD_PKR,Oil_Price,US_Confidence
2010-01-01,Copper,7403,442138.359,186278.0,84.30400085,71.45999908,74.4
2010-01-01,Cotton Yarn,520512,65946357.248,36905725.0,84.30400085,71.45999908,74.4
2010-01-01,Rice,1006,235850504.298,449937000.0,84.30400085,71.45999908,74.4
2010-02-01,Copper,7403,684198.934,155600.0,83.32499695,77.58999634,73.6
2010-02-01,Cotton Yarn,520512,42859444.779,18416485.0,83.32499695,77.58999634,73.6
2010-02-01,Rice,1006,206046142.982,0.0,83.32499695,77.58999634,73.6
2010-03-01,Copper,7403,755487.484,207147.0,83.75,82.69999695,73.6
2010-03-01,Cotton Yarn,520512,51411526.523,20400456.0,83.75,82.69999695,73.6
2010-03-01,Rice,1006,256035371.787,0.0,83.75,82.69999695,73.6
2010-04-01,Copper,7403,2321.051,610.0,83.90000153,87.44000244,72.2
2010-04-01,Cotton Yarn,520512,56627876.711,21368375.0,83.90000153,87.44000244,72.2
2010-04-01,Rice,1006,189097493.309,372348000.0,83.90000153,87.44000244,72.2
2010-05-01,Copper,7403,42948.119,10354.0,83.96700287,74.01999664,73.6
2010-05-01,Cotton Yarn,520512,29176644.834,10800696.0,83.96700287,74.01999664,73.6
2010-05-01,Rice,1006,170885895.135,348373000.0,83.96700287,74.01999664,73.6
2010-06-01,Copper,7403,0.0,0.0,85.44999695,75.01000214,76.0
2010-06-01,Cotton Yarn,520512,36919232.442,12651203.0,85.44999695,75.01000214,76.0
2010-06-01,Rice,1006,200437802.507,0.0,85.44999695,75.01000214,76.0
2010-07-01,Copper,7403,115495.276,30600.0,85.19999695,78.18000031,67.8
2010-07-01,Cotton Yarn,520512,44584319.484,15044857.0,85.19999695,78.18000031,67.8
2010-07-01,Rice,1006,217788746.049,421260000.0,85.19999695,78.18000031,67.8
2010-08-01,Copper,7403,904401.022,240696.0,84.17700195,80.244998935,68.9
2010-08-01,Cotton Yarn,520512,55811888.446,18384772.0,84.17700195,80.244998935,68.9
2010-08-01,Rice,1006,128217021.36,212558000.0,84.17700195,80.244998935,68.9
2010-09-01,Copper,7403,4684086.499,2009987.0,86.15000153,82.30999756,68.2
2010-09-01,Cotton Yarn,520512,54344856.093,18082915.0,86.15000153,82.30999756,68.2
2010-09-01,Rice,1006,127197178.0,218081000.0,86.15000153,82.30999756,68.2
2010-10-01,Copper,7403,2898670.854,1249077.0,85.80000305,83.15000153,67.7
2010-10-01,Cotton Yarn,520512,69550543.456,21566055.0,85.80000305,83.15000153,67.7
2010-10-01,Rice,1006,182419465.696,316899000.0,85.80000305,83.15000153,67.7
2010-11-01,Copper,7403,927923.055,323310.0,85.69999695,85.91999817,71.6
2010-11-01,Cotton Yarn,520512,97546278.604,26589298.0,85.69999695,85.91999817,71.6
2010-11-01,Rice,1006,146964729.76,241235000.0,85.69999695,85.91999817,71.6
2010-12-01,Copper,7403,1498597.691,325102.0,85.65000153,94.75,74.5
2010-12-01,Cotton Yarn,520512,113356616.246,27882983.0,85.65000153,94.75,74.5
2010-12-01,Rice,1006,217816852.361,374320000.0,85.65000153,94.75,74.5
2011-01-01,Copper,7403,2118798.901,756003.0,85.02600098,101.0100021,74.2
2011-01-01,Cotton Yarn,520512,103513617.812,24388507.0,85.02600098,101.0100021,74.2
2011-01-01,Rice,1006,185804812.131,327127000.0,85.02600098,101.0100021,74.2
2011-02-01,Copper,7403,1347839.648,0.0,85.5,111.8000031,77.5
2011-02-01,Cotton Yarn,520512,98184378.864,22241859.0,85.5,111.8000031,77.5
2011-02-01,Rice,1006,184583406.393,313836000.0,85.5,111.8000031,77.5
2011-03-01,Copper,7403,2118321.171,375789.0,85.0,117.3600006,67.5
2011-03-01,Cotton Yarn,520512,66841017.673,14254997.0,85.0,117.3600006,67.5
2011-03-01,Rice,1006,206060407.962,343427000.0,85.0,117.3600006,67.5
2011-04-01,Copper,7403,1350979.396,287649.0,84.69999695,125.8899994,69.8
2011-04-01,Cotton Yarn,520512,71465244.325,14767962.0,84.69999695,125.8899994,69.8
2011-04-01,Rice,1006,195774521.608,319042000.0,84.69999695,125.8899994,69.8
2011-05-01,Copper,7403,1531567.543,424056.0,84.6969986,119.1850014,74.3
2011-05-01,Cotton Yarn,520512,59723960.619,13728153.0,84.6969986,119.1850014,74.3
2011-05-01,Rice,1006,186368050.221,300860000.0,84.6969986,119.1850014,74.3
2011-06-01,Copper,7403,1566728.434,437005.0,86.0,112.4800034,71.5
2011-06-01,Cotton Yarn,520512,70133660.27,18629960.0,86.0,112.4800034,71.5
2011-06-01,Rice,1006,181452298.639,284871000.0,86.0,112.4800034,71.5
2011-07-01,Copper,7403,2481888.743,640076.0,86.44999695,116.7399979,63.7
2011-07-01,Cotton Yarn,520512,37333217.982,10210282.0,86.44999695,116.7399979,63.7
2011-07-01,Rice,1006,179940250.518,262498000.0,86.44999695,116.7399979,63.7
2011-08-01,Copper,7403,2690276.63,694455.0,87.09999847,114.8499985,55.8
2011-08-01,Cotton Yarn,520512,51873218.716,17604457.0,87.09999847,114.8499985,55.8
2011-08-01,Rice,1006,118696195.638,180913000.0,87.09999847,114.8499985,55.8
2011-09-01,Copper,7403,1345831.713,355732.0,87.5,102.7600021,59.5
2011-09-01,Cotton Yarn,520512,59988950.38,21091318.0,87.5,102.7600021,59.5
2011-09-01,Rice,1006,123003416.622,180854000.0,87.5,102.7600021,59.5
2011-10-01,Copper,7403,1543413.301,353105.0,85.55899811,109.5599976,60.8
2011-10-01,Cotton Yarn,520512,77766311.353,25888735.0,85.55899811,109.5599976,60.8
2011-10-01,Rice,1006,156818588.681,259219000.0,85.55899811,109.5599976,60.8
2011-11-01,Copper,7403,1306934.159,1105.0,86.73200226,110.8199997,63.7
2011-11-01,Cotton Yarn,520512,78377690.191,26201756.0,86.73200226,110.8199997,63.7
2011-11-01,Rice,1006,135835099.452,231476000.0,86.73200226,110.8199997,63.7
2011-12-01,Copper,7403,2852112.832,35200.0,89.69999695,107.3799973,69.9
2011-12-01,Cotton Yarn,520512,68972839.94,23681635.0,89.69999695,107.3799973,69.9
2011-12-01,Rice,1006,209239739.957,409920000.0,89.69999695,107.3799973,69.9
2012-01-01,Copper,7403,3375730.413,932207.0,89.59999847,115.02000050000001,75.0
2012-01-01,Cotton Yarn,520512,88110720.384,31098164.0,89.59999847,115.02000050000001,75.0
2012-01-01,Rice,1006,191163222.061,0.0,89.59999847,115.02000050000001,75.0
2012-02-01,Copper,7403,1762042.589,580992.0,90.90000153,122.6600037,75.3
2012-02-01,Cotton Yarn,520512,86902947.825,30458744.0,90.90000153,122.6600037,75.3
2012-02-01,Rice,1006,205203842.464,409741000.0,90.90000153,122.6600037,75.3
2012-03-01,Copper,7403,1910237.484,552207.0,89.38999939,122.8799973,76.2
2012-03-01,Cotton Yarn,520512,106776153.638,36429410.0,89.38999939,122.8799973,76.2
2012-03-01,Rice,1006,187691045.517,350455000.0,89.38999939,122.8799973,76.2
2012-04-01,Copper,7403,2981382.069,773350.0,89.46399689,112.375,76.4
2012-04-01,Cotton Yarn,520512,100881001.006,34317128.0,89.46399689,112.375,76.4
2012-04-01,Rice,1006,226646538.908,420707000.0,89.46399689,112.375,76.4
2012-05-01,Copper,7403,2400001.37,626115.0,92.16500092,101.8700027,79.3
2012-05-01,Cotton Yarn,520512,94562782.634,31721389.0,92.16500092,101.8700027,79.3
2012-05-01,Rice,1006,171663118.233,312782000.0,92.16500092,101.8700027,79.3
2012-06-01,Copper,7403,1295743.971,366659.0,92.69499969,97.80000305,73.2
2012-06-01,Cotton Yarn,520512,95447542.652,32735665.0,92.69499969,97.80000305,73.2
2012-06-01,Rice,1006,153750513.106,0.0,92.69499969,97.80000305,73.2
2012-07-01,Copper,7403,2177211.992,697406.0,93.39099884,106.185001375,72.3
2012-07-01,Cotton Yarn,520512,105872821.551,37026602.0,93.39099884,106.185001375,72.3
2012-07-01,Rice,1006,129699170.372,0.0,93.39099884,106.185001375,72.3
2012-08-01,Copper,7403,1585367.087,525145.0,93.50299835,114.5699997,74.3
2012-08-01,Cotton Yarn,520512,86929383.251,30610291.0,93.50299835,114.5699997,74.3
2012-08-01,Rice,1006,94542566.327,0.0,93.50299835,114.5699997,74.3
2012-09-01,Copper,7403,1785198.424,592940.0,94.0,112.3899994,78.3
2012-09-01,Cotton Yarn,520512,117737093.697,41012846.0,94.0,112.3899994,78.3
2012-09-01,Rice,1006,93466414.922,146179000.0,94.0,112.3899994,78.3
2012-10-01,Copper,7403,3139293.035,1025337.0,94.48999786,108.6999969,82.6
2012-10-01,Cotton Yarn,520512,81436012.212,28077054.0,94.48999786,108.6999969,82.6
2012-10-01,Rice,1006,125522070.619,219249000.0,94.48999786,108.6999969,82.6
2012-11-01,Copper,7403,2035437.998,688184.0,96.5,111.2300034,82.7
2012-11-01,Cotton Yarn,520512,116480579.643,40067221.0,96.5,111.2300034,82.7
2012-11-01,Rice,1006,135299289.586,252676000.0,96.5,111.2300034,82.7
2012-12-01,Copper,7403,3167122.831,837225.0,95.70899963,111.1100006,72.9
2012-12-01,Cotton Yarn,520512,116845952.33,40119908.0,95.70899963,111.1100006,72.9
2012-12-01,Rice,1006,171523955.179,332743000.0,95.70899963,111.1100006,72.9
2013-01-01,Copper,7403,2806984.691,868510.0,97.69999695,115.5500031,73.8
2013-01-01,Cotton Yarn,520512,97599009.804,33202167.0,97.69999695,115.5500031,73.8
2013-01-01,Rice,1006,247647444.852,492641000.0,97.69999695,115.5500031,73.8
2013-02-01,Copper,7403,3417247.305,1042365.0,96.72699738,111.3799973,77.6
2013-02-01,Cotton Yarn,520512,117848114.25,40368778.0,96.72699738,111.3799973,77.6
2013-02-01,Rice,1006,186253435.798,363824000.0,96.72699738,111.3799973,77.6
2013-03-01,Copper,7403,2428846.528,771503.0,97.05200195,110.0199966,78.6
2013-03-01,Cotton Yarn,520512,134359243.045,45500216.0,97.05200195,110.0199966,78.6
2013-03-01,Rice,1006,204582254.447,364943000.0,97.05200195,110.0199966,78.6
2013-04-01,Copper,7403,901681.026,300000.0,98.40000153,102.3700027,76.4
2013-04-01,Cotton Yarn,520512,115753476.788,38469214.0,98.40000153,102.3700027,76.4
2013-04-01,Rice,1006,202616702.015,379582000.0,98.40000153,102.3700027,76.4
2013-05-01,Copper,7403,1866417.99,594820.0,98.40000153,100.3899994,84.5
2013-05-01,Cotton Yarn,520512,131495683.397,43463245.0,98.40000153,100.3899994,84.5
2013-05-01,Rice,1006,169072868.576,281391000.0,98.40000153,100.3899994,84.5
2013-06-01,Copper,7403,976661.2,659540.0,98.43900299,102.1600037,84.1
2013-06-01,Cotton Yarn,520512,123423644.642,41693455.0,98.43900299,102.1600037,84.1
2013-06-01,Rice,1006,163607750.623,253480000.0,98.43900299,102.1600037,84.1
2013-07-01,Copper,7403,1003598.971,315545.0,101.5999985,107.6999969,85.1
2013-07-01,Cotton Yarn,520512,108765000.416,37611887.0,101.5999985,107.6999969,85.1
2013-07-01,Rice,1006,150584991.205,237932000.0,101.5999985,107.6999969,85.1
2013-08-01,Copper,7403,538140.053,114218.0,103.4199982,114.0100021,82.1
2013-08-01,Cotton Yarn,520512,118923644.334,40766630.0,103.4199982,114.0100021,82.1
2013-08-01,Rice,1006,112911165.256,168903000.0,103.4199982,114.0100021,82.1
2013-09-01,Copper,7403,711531.988,229110.0,104.3099976,111.4249992,77.5
2013-09-01,Cotton Yarn,520512,141974092.87,48483512.0,104.3099976,111.4249992,77.5
2013-09-01,Rice,1006,140469947.959,228802000.0,104.3099976,111.4249992,77.5
2013-10-01,Copper,7403,3127133.016,164898.0,105.8700027,108.8399963,73.2
2013-10-01,Cotton Yarn,520512,123459529.196,42419841.0,105.8700027,108.8399963,73.2
2013-10-01,Rice,1006,139448171.196,246524000.0,105.8700027,108.8399963,73.2
2013-11-01,Copper,7403,1708550.646,516020.0,107.4300003,109.6900024,75.1
2013-11-01,Cotton Yarn,520512,97557456.379,33758159.0,107.4300003,109.6900024,75.1
2013-11-01,Rice,1006,137758116.424,279622000.0,107.4300003,109.6900024,75.1
2013-12-01,Copper,7403,2686893.768,880554.0,105.5999985,108.04500195,82.5
2013-12-01,Cotton Yarn,520512,125298160.087,44245616.0,105.5999985,108.04500195,82.5
2013-12-01,Rice,1006,262168496.259,551624000.0,105.5999985,108.04500195,82.5
2014-01-01,Copper,7403,1450412.729,418630.0,105.4199982,106.4000015,81.2
2014-01-01,Cotton Yarn,520512,90063253.226,32669636.0,105.4199982,106.4000015,81.2
2014-01-01,Rice,1006,267619749.525,512606000.0,105.4199982,106.4000015,81.2
2014-02-01,Copper,7403,1938478.59,535900.0,104.9000015,109.0699997,81.6
2014-02-01,Cotton Yarn,520512,110225087.171,40021973.0,104.9000015,109.0699997,81.6
2014-02-01,Rice,1006,238285225.73,411510000.0,104.9000015,109.0699997,81.6
2014-03-01,Copper,7403,1256500.765,408080.0,96.76100159,107.7600021,80.0
2014-03-01,Cotton Yarn,520512,98068374.596,34777536.0,96.76100159,107.7600021,80.0
2014-03-01,Rice,1006,216662243.45,338698000.0,96.76100159,107.7600021,80.0
2014-04-01,Copper,7403,840368.055,123561.0,98.25,108.0699997,84.1
2014-04-01,Cotton Yarn,520512,60125127.385,21704101.0,98.25,108.0699997,84.1
2014-04-01,Rice,1006,182996317.369,285101000.0,98.25,108.0699997,84.1
2014-05-01,Copper,7403,1434315.662,618397.0,98.59999847,109.4100037,81.9
2014-05-01,Cotton Yarn,520512,69959094.968,25150796.0,98.59999847,109.4100037,81.9
2014-05-01,Rice,1006,162786297.251,236843000.0,98.59999847,109.4100037,81.9
2014-06-01,Copper,7403,1253916.446,431710.0,98.5,107.71500015000001,82.5
2014-06-01,Cotton Yarn,520512,88013416.258,31551901.0,98.5,107.71500015000001,82.5
2014-06-01,Rice,1006,149624689.691,225225000.0,98.5,107.71500015000001,82.5
2014-07-01,Copper,7403,1238027.099,487409.0,98.59999847,106.0199966,81.8
2014-07-01,Cotton Yarn,520512,17471283.484,5831661.0,98.59999847,106.0199966,81.8
2014-07-01,Rice,1006,125216542.599,181398000.0,98.59999847,106.0199966,81.8
2014-08-01,Copper,7403,993506.763,0.0,100.7399979,103.1900024,82.5
2014-08-01,Cotton Yarn,520512,109040461.856,0.0,100.7399979,103.1900024,82.5
2014-08-01,Rice,1006,104254378.394,0.0,100.7399979,103.1900024,82.5
2014-09-01,Copper,7403,2174928.107,491960.0,101.2900009,94.66999817,84.6
2014-09-01,Cotton Yarn,520512,114468538.057,43587551.0,101.2900009,94.66999817,84.6
2014-09-01,Rice,1006,132618645.175,207011000.0,101.2900009,94.66999817,84.6
2014-10-01,Copper,7403,1549653.446,310211.0,101.8300018,85.86000061,86.9
2014-10-01,Cotton Yarn,520512,119842120.854,46219102.0,101.8300018,85.86000061,86.9
2014-10-01,Rice,1006,154441415.792,0.0,101.8300018,85.86000061,86.9
2014-11-01,Copper,7403,1796289.525,491626.0,100.4599991,70.15000153,88.8
2014-11-01,Cotton Yarn,520512,132545101.569,52109717.0,100.4599991,70.15000153,88.8
2014-11-01,Rice,1006,220945782.184,444798000.0,100.4599991,70.15000153,88.8
2014-12-01,Copper,7403,1358242.408,361198.0,100.4499969,57.33000183,93.6
2014-12-01,Cotton Yarn,520512,108410908.016,41869840.0,100.4499969,57.33000183,93.6
2014-12-01,Rice,1006,237968114.96,491452000.0,100.4499969,57.33000183,93.6
2015-01-01,Copper,7403,1084249.123,482000.0,100.9000015,52.99000168,98.1
2015-01-01,Cotton Yarn,520512,108545520.673,36265705.0,100.9000015,52.99000168,98.1
2015-01-01,Rice,1006,204439725.313,414257000.0,100.9000015,52.99000168,98.1
2015-02-01,Copper,7403,351209.344,122185.0,101.8499985,57.58666738,95.4
2015-02-01,Cotton Yarn,520512,121642666.812,40866766.0,101.8499985,57.58666738,95.4
2015-02-01,Rice,1006,172996939.421,0.0,101.8499985,57.58666738,95.4
2015-03-01,Copper,7403,1105884.685,0.0,101.8000031,62.18333308,93.0
2015-03-01,Cotton Yarn,520512,79142843.113,0.0,101.8000031,62.18333308,93.0
2015-03-01,Rice,1006,214808338.282,455047000.0,101.8000031,62.18333308,93.0
2015-04-01,Copper,7403,378935.945,53075.0,101.75,66.77999878,95.9
2015-04-01,Cotton Yarn,520512,81307463.175,27159127.0,101.75,66.77999878,95.9
2015-04-01,Rice,1006,179963754.199,348376000.0,101.75,66.77999878,95.9
2015-05-01,Copper,7403,849122.896,288000.0,101.8499985,65.55999756,90.7
2015-05-01,Cotton Yarn,520512,87366256.497,28516807.0,101.8499985,65.55999756,90.7
2015-05-01,Rice,1006,152305361.044,309587000.0,101.8499985,65.55999756,90.7
2015-06-01,Copper,7403,772976.586,258000.0,101.75,63.59000015,96.1
2015-06-01,Cotton Yarn,520512,74658212.663,23772809.0,101.75,63.59000015,96.1
2015-06-01,Rice,1006,133004714.333,255455000.0,101.75,63.59000015,96.1
2015-07-01,Copper,7403,181357.445,68000.0,101.75,52.20999908,93.1
2015-07-01,Cotton Yarn,520512,79092864.556,25100380.0,101.75,52.20999908,93.1
2015-07-01,Rice,1006,91104017.387,167113000.0,101.75,52.20999908,93.1
2015-08-01,Copper,7403,1101315.191,368844.0,102.4899979,54.15000153,91.9
2015-08-01,Cotton Yarn,520512,97784303.944,30782363.0,102.4899979,54.15000153,91.9
2015-08-01,Rice,1006,121350265.775,226652000.0,102.4899979,54.15000153,91.9
2015-09-01,Copper,7403,316163.504,106.0,104.25,48.36999893,87.2
2015-09-01,Cotton Yarn,520512,83235735.258,26987653.0,104.25,48.36999893,87.2
2015-09-01,Rice,1006,124099366.604,254463000.0,104.25,48.36999893,87.2
2015-10-01,Copper,7403,532641.404,169418.0,105.0999985,49.56000137,90.0
2015-10-01,Cotton Yarn,520512,85029593.18,27564408.0,105.0999985,49.56000137,90.0
2015-10-01,Rice,1006,147368804.268,357997000.0,105.0999985,49.56000137,90.0
2015-11-01,Copper,7403,225569.585,14626.0,103.8399963,43.420000075000004,91.3
2015-11-01,Cotton Yarn,520512,52589682.048,17252730.0,103.8399963,43.420000075000004,91.3
2015-11-01,Rice,1006,203583497.673,539747000.0,103.8399963,43.420000075000004,91.3
2015-12-01,Copper,7403,0.0,0.0,103.3600006,37.27999878,92.6
2015-12-01,Cotton Yarn,520512,68818228.723,22191453.0,103.3600006,37.27999878,92.6
2015-12-01,Rice,1006,180653940.403,414652000.0,103.3600006,37.27999878,92.6
2016-01-01,Copper,7403,459331.448,107720.0,103.2200012,34.74000168,92.0
2016-01-01,Cotton Yarn,520512,58353609.15,19396051.0,103.2200012,34.74000168,92.0
2016-01-01,Rice,1006,157824779.945,0.0,103.2200012,34.74000168,92.0
2016-02-01,Copper,7403,360109.052,150083.0,104.0199966,35.97000122,91.7
2016-02-01,Cotton Yarn,520512,76910129.809,25264304.0,104.0199966,35.97000122,91.7
2016-02-01,Rice,1006,181889873.872,419353000.0,104.0199966,35.97000122,91.7
2016-03-01,Copper,7403,0.0,0.0,103.1999969,39.59999847,91.0
2016-03-01,Cotton Yarn,520512,63272440.271,20701987.0,103.1999969,39.59999847,91.0
2016-03-01,Rice,1006,167105393.091,415905000.0,103.1999969,39.59999847,91.0
2016-04-01,Copper,7403,428942.436,0.0,102.9199982,48.13000107,89.0
2016-04-01,Cotton Yarn,520512,55961882.615,0.0,102.9199982,48.13000107,89.0
2016-04-01,Rice,1006,173298110.567,413226000.0,102.9199982,48.13000107,89.0
2016-05-01,Copper,7403,170.809,40.0,103.3899994,48.905000689999994,94.7
2016-05-01,Cotton Yarn,520512,47653710.287,15045369.0,103.3899994,48.905000689999994,94.7
2016-05-01,Rice,1006,166912677.806,378853000.0,103.3899994,48.905000689999994,94.7
2016-06-01,Copper,7403,0.0,0.0,104.5500031,49.68000031,93.5
2016-06-01,Cotton Yarn,520512,54288653.018,17982646.0,104.5500031,49.68000031,93.5
2016-06-01,Rice,1006,143922719.569,0.0,104.5500031,49.68000031,93.5
2016-07-01,Copper,7403,0.0,0.0,102.8000031,42.45999908,90.0
2016-07-01,Cotton Yarn,520512,66457922.537,22389958.0,102.8000031,42.45999908,90.0
2016-07-01,Rice,1006,83884535.7,0.0,102.8000031,42.45999908,90.0
2016-08-01,Copper,7403,280670.831,118900.0,103.5400009,47.04000092,89.8
2016-08-01,Cotton Yarn,520512,80293189.155,27532388.0,103.5400009,47.04000092,89.8
2016-08-01,Rice,1006,75488233.155,146769000.0,103.5400009,47.04000092,89.8
2016-09-01,Copper,7403,417355.108,122310.0,103.2399979,49.06000137,91.2
2016-09-01,Cotton Yarn,520512,58761891.937,20002414.0,103.2399979,49.06000137,91.2
2016-09-01,Rice,1006,83066149.296,171584000.0,103.2399979,49.06000137,91.2
2016-10-01,Copper,7403,0.0,0.0,102.6299973,48.29999924,87.2
2016-10-01,Cotton Yarn,520512,75213955.74,26678160.0,102.6299973,48.29999924,87.2
2016-10-01,Rice,1006,148723119.735,375690000.0,102.6299973,48.29999924,87.2
2016-11-01,Copper,7403,134770.723,27060.0,102.8099976,50.47000122,93.8
2016-11-01,Cotton Yarn,520512,95250272.083,33778675.0,102.8099976,50.47000122,93.8
2016-11-01,Rice,1006,165558052.838,417721000.0,102.8099976,50.47000122,93.8
2016-12-01,Copper,7403,2896931.749,762555.0,102.8700027,56.13000107,98.2
2016-12-01,Cotton Yarn,520512,78546074.759,28867935.0,102.8700027,56.13000107,98.2
2016-12-01,Rice,1006,155319531.771,384155000.0,102.8700027,56.13000107,98.2
2017-01-01,Copper,7403,2195373.77,656160.0,102.9400024,55.86000061,98.5
2017-01-01,Cotton Yarn,520512,66274715.52,25555013.0,102.9400024,55.86000061,98.5
2017-01-01,Rice,1006,163718774.0,388026000.0,102.9400024,55.86000061,98.5
2017-02-01,Copper,7403,2357566.607,433952.853,104.6999969,55.59000015,96.3
2017-02-01,Cotton Yarn,520512,62861266.34,0.0,104.6999969,55.59000015,96.3
2017-02-01,Rice,1006,156260882.638,346992000.0,104.6999969,55.59000015,96.3
2017-03-01,Copper,7403,2493512.891,776304.0,103.8899994,52.83000183,96.9
2017-03-01,Cotton Yarn,520512,57626505.027,23429955.0,103.8899994,52.83000183,96.9
2017-03-01,Rice,1006,137382372.172,286233000.0,103.8899994,52.83000183,96.9
2017-04-01,Copper,7403,1152420.075,320981.0,103.6900024,51.72999954,97.0
2017-04-01,Cotton Yarn,520512,65117144.175,26462892.0,103.6900024,51.72999954,97.0
2017-04-01,Rice,1006,175707823.965,363611000.0,103.6900024,51.72999954,97.0
2017-05-01,Copper,7403,1519799.039,485335.0,104.75,50.31000137,97.1
2017-05-01,Cotton Yarn,520512,57680882.101,23379676.0,104.75,50.31000137,97.1
2017-05-01,Rice,1006,116723883.109,222313000.0,104.75,50.31000137,97.1
2017-06-01,Copper,7403,1104031.047,381428.0,103.1399994,47.91999817,95.0
2017-06-01,Cotton Yarn,520512,66868954.723,27113466.0,103.1399994,47.91999817,95.0
2017-06-01,Rice,1006,143392838.56,256390000.0,103.1399994,47.91999817,95.0
2017-07-01,Copper,7403,514477.527,164565.0,103.5999985,52.65000153,93.4
2017-07-01,Cotton Yarn,520512,66334980.621,27293186.0,103.5999985,52.65000153,93.4
2017-07-01,Rice,1006,107921069.37,191638000.0,103.5999985,52.65000153,93.4
2017-08-01,Copper,7403,2368196.895,829135.0,104.3799973,52.38000107,96.8
2017-08-01,Cotton Yarn,520512,60033942.707,24511898.0,104.3799973,52.38000107,96.8
2017-08-01,Rice,1006,116076361.127,212293000.0,104.3799973,52.38000107,96.8
2017-09-01,Copper,7403,1945731.892,667540.0,105.3000031,57.54000092,95.1
2017-09-01,Cotton Yarn,520512,74977335.774,30675333.0,105.3000031,57.54000092,95.1
2017-09-01,Rice,1006,96223501.932,185738000.0,105.3000031,57.54000092,95.1
2017-10-01,Copper,7403,2026553.048,653205.0,103.9100037,60.555000305,100.7
2017-10-01,Cotton Yarn,520512,85067947.055,34718778.0,103.9100037,60.555000305,100.7
2017-10-01,Rice,1006,137463976.141,301060000.0,103.9100037,60.555000305,100.7
2017-11-01,Copper,7403,5707745.494,1858270.0,104.0400009,63.56999969,98.5
2017-11-01,Cotton Yarn,520512,77922748.234,31729171.0,104.0400009,63.56999969,98.5
2017-11-01,Rice,1006,192760143.727,430319000.0,104.0400009,63.56999969,98.5
2017-12-01,Copper,7403,2759930.196,891690.0,109.2099991,66.59999847,95.9
2017-12-01,Cotton Yarn,520512,71092623.629,30888089.0,109.2099991,66.59999847,95.9
2017-12-01,Rice,1006,198748830.328,472210000.0,109.2099991,66.59999847,95.9
2018-01-01,Copper,7403,8969353.648,2856768.0,110.4700012,69.05000305,95.7
2018-01-01,Cotton Yarn,520512,46796112.168,18681871.0,110.4700012,69.05000305,95.7
2018-01-01,Rice,1006,217671963.688,489960000.0,110.4700012,69.05000305,95.7
2018-02-01,Copper,7403,7298277.453,2364430.0,110.4700012,65.77999878,99.7
2018-02-01,Cotton Yarn,520512,79362101.921,31615835.0,110.4700012,65.77999878,99.7
2018-02-01,Rice,1006,194171650.577,387116000.0,110.4700012,65.77999878,99.7
2018-03-01,Copper,7403,4914496.497,1595706.0,115.3499985,70.26999664,101.4
2018-03-01,Cotton Yarn,520512,89009194.427,35023390.0,115.3499985,70.26999664,101.4
2018-03-01,Rice,1006,232068086.41,459395000.0,115.3499985,70.26999664,101.4
2018-04-01,Copper,7403,1833980.9,580495.0,115.4499969,73.92999649000001,98.8
2018-04-01,Cotton Yarn,520512,83778858.616,32512141.0,115.4499969,73.92999649000001,98.8
2018-04-01,Rice,1006,185000198.645,332570000.0,115.4499969,73.92999649000001,98.8
2018-05-01,Copper,7403,4969229.156,1667328.0,115.4000015,77.58999634,98.0
2018-05-01,Cotton Yarn,520512,80530667.728,31009380.0,115.4000015,77.58999634,98.0
2018-05-01,Rice,1006,209593060.653,385170000.0,115.4000015,77.58999634,98.0
2018-06-01,Copper,7403,6003767.047,1866360.0,121.6848984,79.44000244,98.2
2018-06-01,Cotton Yarn,520512,74728832.449,28827880.0,121.6848984,79.44000244,98.2
2018-06-01,Rice,1006,146807482.258,258591000.0,121.6848984,79.44000244,98.2
2018-07-01,Copper,7403,6972624.2,2156810.0,121.5400009,78.430000305,97.9
2018-07-01,Cotton Yarn,520512,72826079.483,27845969.0,121.5400009,78.430000305,97.9
2018-07-01,Rice,1006,110830575.597,206846000.0,121.5400009,78.430000305,97.9
2018-08-01,Copper,7403,10789629.273,3142280.0,122.9700012,77.41999817,96.2
2018-08-01,Cotton Yarn,520512,60609944.76,22249777.0,122.9700012,77.41999817,96.2
2018-08-01,Rice,1006,112816541.954,193758000.0,122.9700012,77.41999817,96.2
2018-09-01,Copper,7403,11442447.919,3087315.0,123.6999969,82.72000122,100.1
2018-09-01,Cotton Yarn,520512,51416006.459,18984516.0,123.6999969,82.72000122,100.1
2018-09-01,Rice,1006,88188873.298,152115000.0,123.6999969,82.72000122,100.1
2018-10-01,Copper,7403,16340814.281,4770874.0,132.0500031,75.47000122,98.6
2018-10-01,Cotton Yarn,520512,49070845.088,26081518.0,132.0500031,75.47000122,98.6
2018-10-01,Rice,1006,128174289.908,251772000.0,132.0500031,75.47000122,98.6
2018-11-01,Copper,7403,22184127.562,6116630.0,133.5,58.70999908,97.5
2018-11-01,Cotton Yarn,520512,51870231.796,21406874.0,133.5,58.70999908,97.5
2018-11-01,Rice,1006,172899543.961,378905000.0,133.5,58.70999908,97.5
2018-12-01,Copper,7403,28963056.211,6737511.0,138.5,53.79999924,98.3
2018-12-01,Cotton Yarn,520512,45027022.533,18754855.0,138.5,53.79999924,98.3
2018-12-01,Rice,1006,214543954.326,436192000.0,138.5,53.79999924,98.3
2019-01-01,Copper,7403,16134104.156,4740205.0,138.25,61.88999939,91.2
2019-01-01,Cotton Yarn,520512,47856116.365,19974292.0,138.25,61.88999939,91.2
2019-01-01,Rice,1006,237135380.227,493623000.0,138.25,61.88999939,91.2
2019-02-01,Copper,7403,23026154.522,4945744.0,138.3999939,66.02999878,93.8
2019-02-01,Cotton Yarn,520512,65238830.982,27408027.0,138.3999939,66.02999878,93.8
2019-02-01,Rice,1006,203226666.537,427488000.0,138.3999939,66.02999878,93.8
2019-03-01,Copper,7403,30764506.928,6213354.0,140.5200043,68.38999939,98.4
2019-03-01,Cotton Yarn,520512,54428196.054,22666191.0,140.5200043,68.38999939,98.4
2019-03-01,Rice,1006,229649459.181,489545000.0,140.5200043,68.38999939,98.4
2019-04-01,Copper,7403,23862197.114,4780446.0,141.5700073,72.80000305,97.2
2019-04-01,Cotton Yarn,520512,64890461.718,26827911.0,141.5700073,72.80000305,97.2
2019-04-01,Rice,1006,216404908.994,412900959.653,141.5700073,72.80000305,97.2
2019-05-01,Copper,7403,17487721.962,3590838.0,150.7200012,64.48999786,100.0
2019-05-01,Cotton Yarn,520512,67763328.328,28073561.0,150.7200012,64.48999786,100.0
2019-05-01,Rice,1006,222859452.394,440600000.0,150.7200012,64.48999786,100.0
2019-06-01,Copper,7403,9278209.48,1919753.0,163.0,66.55000305,98.2
2019-06-01,Cotton Yarn,520512,45872928.855,18990423.0,163.0,66.55000305,98.2
2019-06-01,Rice,1006,142006422.667,283249000.0,163.0,66.55000305,98.2
2019-07-01,Copper,7403,28225513.119,5717070.0,160.0,65.16999817,98.4
2019-07-01,Cotton Yarn,520512,62553483.442,26040231.0,160.0,65.16999817,98.4
2019-07-01,Rice,1006,194046529.523,365420715.981,160.0,65.16999817,98.4
2019-08-01,Copper,7403,16079471.835,3207380.0,157.0500031,60.43000031,89.8
2019-08-01,Cotton Yarn,520512,72274141.875,31148193.0,157.0500031,60.43000031,89.8
2019-08-01,Rice,1006,138218074.881,259445000.0,157.0500031,60.43000031,89.8
2019-09-01,Copper,7403,29000601.42,5779978.0,155.3600006,60.329999924999996,93.2
2019-09-01,Cotton Yarn,520512,56561743.771,24547628.0,155.3600006,60.329999924999996,93.2
2019-09-01,Rice,1006,137696004.221,234987000.0,155.3600006,60.329999924999996,93.2
2019-10-01,Copper,7403,32102138.548,6440435.0,155.25,60.22999954,95.5
2019-10-01,Cotton Yarn,520512,58289633.564,25824123.0,155.25,60.22999954,95.5
2019-10-01,Rice,1006,163043885.498,317222000.0,155.25,60.22999954,95.5
2019-11-01,Copper,7403,30454043.49,6052220.0,155.0,62.43000031,96.8
2019-11-01,Cotton Yarn,520512,63659621.815,28303331.0,155.0,62.43000031,96.8
2019-11-01,Rice,1006,202182256.934,453141000.0,155.0,62.43000031,96.8
2019-12-01,Copper,7403,25621912.004,5051784.0,154.5,60.295000079999994,99.3
2019-12-01,Cotton Yarn,520512,33923487.756,14816074.0,154.5,60.295000079999994,99.3
2019-12-01,Rice,1006,197211903.039,411660000.0,154.5,60.295000079999994,99.3
2020-01-01,Copper,7403,25919112.241,5192228.0,154.0,58.15999985,99.8
2020-01-01,Cotton Yarn,520512,67209440.405,29690026.0,154.0,58.15999985,99.8
2020-01-01,Rice,1006,181238444.222,367642000.0,154.0,58.15999985,99.8
2020-02-01,Copper,7403,36396620.215,7256025.0,153.75,50.52000046,101.0
2020-02-01,Cotton Yarn,520512,67924740.288,29365489.0,153.75,50.52000046,101.0
2020-02-01,Rice,1006,183225312.369,361609000.0,153.75,50.52000046,101.0
2020-03-01,Copper,7403,17612002.78,3604578.0,166.0,37.89500046,89.1
2020-03-01,Cotton Yarn,520512,53062321.272,23055933.0,166.0,37.89500046,89.1
2020-03-01,Rice,1006,196213463.697,376865000.0,166.0,37.89500046,89.1
2020-04-01,Copper,7403,4243432.24,843881.0,161.0500031,25.27000046,71.8
2020-04-01,Cotton Yarn,520512,27114919.612,12144340.0,161.0500031,25.27000046,71.8
2020-04-01,Rice,1006,222689032.816,384732000.0,161.0500031,25.27000046,71.8
2020-05-01,Copper,7403,12690530.76,2536820.0,160.6000061,35.33000183,72.3
2020-05-01,Cotton Yarn,520512,28330659.781,13519109.0,160.6000061,35.33000183,72.3
2020-05-01,Rice,1006,207272095.844,347956000.0,160.6000061,35.33000183,72.3
2020-06-01,Copper,7403,22520878.752,4568125.0,167.6999969,41.15000153,78.1
2020-06-01,Cotton Yarn,520512,43399863.128,22086566.0,167.6999969,41.15000153,78.1
2020-06-01,Rice,1006,150896857.315,277214000.0,167.6999969,41.15000153,78.1
2020-07-01,Copper,7403,36033597.664,7190035.0,167.1499939,43.29999924,72.5
2020-07-01,Cotton Yarn,520512,30656952.147,15335642.0,167.1499939,43.29999924,72.5
2020-07-01,Rice,1006,149004584.381,267621000.0,167.1499939,43.29999924,72.5
2020-08-01,Copper,7403,21989330.632,4489034.0,166.0542603,45.27999878,74.1
2020-08-01,Cotton Yarn,520512,31040855.445,15584649.0,166.0542603,45.27999878,74.1
2020-08-01,Rice,1006,99124881.561,168096000.0,166.0542603,45.27999878,74.1
2020-09-01,Copper,7403,26207480.475,5148975.0,165.8999939,40.95000076,80.4
2020-09-01,Cotton Yarn,520512,31433548.014,15588753.0,165.8999939,40.95000076,80.4
2020-09-01,Rice,1006,112067325.805,185782000.0,165.8999939,40.95000076,80.4
2020-10-01,Copper,7403,37360315.467,7185820.0,159.251236,37.45999908,81.8
2020-10-01,Cotton Yarn,520512,34054211.663,16034045.0,159.251236,37.45999908,81.8
2020-10-01,Rice,1006,139416578.439,265752943.325,159.251236,37.45999908,81.8
2020-11-01,Copper,7403,44627897.113,8483170.0,159.0,44.62999916,76.9
2020-11-01,Cotton Yarn,520512,48959987.424,21776199.0,159.0,44.62999916,76.9
2020-11-01,Rice,1006,231061555.343,482238105.879,159.0,44.62999916,76.9
2020-12-01,Copper,7403,35934944.271,6835665.0,160.0,51.79999924,80.7
2020-12-01,Cotton Yarn,520512,64277565.619,27293493.0,160.0,51.79999924,80.7
2020-12-01,Rice,1006,232681342.412,0.0,160.0,51.79999924,80.7
2021-01-01,Copper,7403,36602840.793,6846072.0,159.6999969,55.88000107,79.0
2021-01-01,Cotton Yarn,520512,56916676.021,22690421.0,159.6999969,55.88000107,79.0
2021-01-01,Rice,1006,194254385.939,338343915.323,159.6999969,55.88000107,79.0
2021-02-01,Copper,7403,33955520.905,6058595.0,156.9615021,66.12999725,76.8
2021-02-01,Cotton Yarn,520512,85056236.81,32335588.0,156.9615021,66.12999725,76.8
2021-02-01,Rice,1006,180342100.803,322444000.0,156.9615021,66.12999725,76.8
2021-03-01,Copper,7403,44272193.96,7978615.0,152.8000031,63.54000092,84.9
2021-03-01,Cotton Yarn,520512,73029863.085,26146492.0,152.8000031,63.54000092,84.9
2021-03-01,Rice,1006,222589197.766,387925000.0,152.8000031,63.54000092,84.9
2021-04-01,Copper,7403,33313396.816,5736140.0,153.1600037,67.25,88.3
2021-04-01,Cotton Yarn,520512,62510457.587,22062206.0,153.1600037,67.25,88.3
2021-04-01,Rice,1006,189479449.692,309984000.0,153.1600037,67.25,88.3
2021-05-01,Copper,7403,32429876.596,5594540.0,154.3300018,69.62999725,82.9
2021-05-01,Cotton Yarn,520512,41275368.395,14385122.0,154.3300018,69.62999725,82.9
2021-05-01,Rice,1006,106125399.906,178797000.0,154.3300018,69.62999725,82.9
2021-06-01,Copper,7403,60863948.749,10353735.0,158.1000061,75.12999725,85.5
2021-06-01,Cotton Yarn,520512,64075072.866,22133988.0,158.1000061,75.12999725,85.5
2021-06-01,Rice,1006,185530711.318,322969000.0,158.1000061,75.12999725,85.5
2021-07-01,Copper,7403,41168920.181,6715766.0,160.9283905,76.33000183,81.2
2021-07-01,Cotton Yarn,520512,51674127.145,17650837.0,160.9283905,76.33000183,81.2
2021-07-01,Rice,1006,139654620.845,235242000.0,160.9283905,76.33000183,81.2
2021-08-01,Copper,7403,41510262.902,7463891.0,165.3102722,77.424999235,70.3
2021-08-01,Cotton Yarn,520512,58205659.265,19416362.0,165.3102722,77.424999235,70.3
2021-08-01,Rice,1006,140443809.776,253894000.0,165.3102722,77.424999235,70.3
2021-09-01,Copper,7403,59666908.025,8393644.0,169.5,78.51999664,72.8
2021-09-01,Cotton Yarn,520512,52112099.021,16942579.0,169.5,78.51999664,72.8
2021-09-01,Rice,1006,142815671.367,261692000.0,169.5,78.51999664,72.8
2021-10-01,Copper,7403,52958044.524,6899125.0,171.6999969,84.37999725,71.7
2021-10-01,Cotton Yarn,520512,61211976.161,20507554.0,171.6999969,84.37999725,71.7
2021-10-01,Rice,1006,171152222.813,349075000.0,171.6999969,84.37999725,71.7
2021-11-01,Copper,7403,75641113.495,8759378.0,176.0,70.56999969,67.4
2021-11-01,Cotton Yarn,520512,64031662.37,19526612.0,176.0,70.56999969,67.4
2021-11-01,Rice,1006,231382393.41,494948000.0,176.0,70.56999969,67.4
2021-12-01,Copper,7403,84643599.181,9621030.0,177.9499969,77.77999878,70.6
2021-12-01,Cotton Yarn,520512,58194570.921,16844141.0,177.9499969,77.77999878,70.6
2021-12-01,Rice,1006,239934670.83,535252000.0,177.9499969,77.77999878,70.6
2022-01-01,Copper,7403,68879125.548,7690192.0,175.0113983,91.20999908,67.2
2022-01-01,Cotton Yarn,520512,37886525.75,10559128.0,175.0113983,91.20999908,67.2
2022-01-01,Rice,1006,220004643.41,465447000.0,175.0113983,91.20999908,67.2
2022-02-01,Copper,7403,94696533.303,10636470.0,174.8230438,100.9899979,62.8
2022-02-01,Cotton Yarn,520512,66701881.045,18758703.0,174.8230438,100.9899979,62.8
2022-02-01,Rice,1006,253998964.97,494226000.0,174.8230438,100.9899979,62.8
2022-03-01,Copper,7403,70909520.81,8098580.0,182.0,107.9100037,59.4
2022-03-01,Cotton Yarn,520512,46573894.723,12688535.0,182.0,107.9100037,59.4
2022-03-01,Rice,1006,250421717.404,512953000.0,182.0,107.9100037,59.4
2022-04-01,Copper,7403,54248284.852,6622937.0,185.3899994,109.3399963,65.2
2022-04-01,Cotton Yarn,520512,50863840.579,13743912.0,185.3899994,109.3399963,65.2
2022-04-01,Rice,1006,259296548.595,466913000.0,185.3899994,109.3399963,65.2
2022-05-01,Copper,7403,41379397.476,4753564.0,197.1799316,112.07499695,58.4
2022-05-01,Cotton Yarn,520512,55922146.615,15576804.0,197.1799316,112.07499695,58.4
2022-05-01,Rice,1006,224845183.361,466836000.0,197.1799316,112.07499695,58.4
2022-06-01,Copper,7403,72092764.421,8130005.0,203.3709869,114.8099976,50.0
2022-06-01,Cotton Yarn,520512,52476318.141,14114295.0,203.3709869,114.8099976,50.0
2022-06-01,Rice,1006,236228624.703,464318000.0,203.3709869,114.8099976,50.0
2022-07-01,Copper,7403,32475991.215,3930971.0,239.8999939,110.0100021,51.5
2022-07-01,Cotton Yarn,520512,34331615.404,15134594.0,239.8999939,110.0100021,51.5
2022-07-01,Rice,1006,138428792.366,251722000.0,239.8999939,110.0100021,51.5
2022-08-01,Copper,7403,25109565.974,3055302.0,219.8000031,96.48999786,58.2
2022-08-01,Cotton Yarn,520512,43498822.665,13226577.0,219.8000031,96.48999786,58.2
2022-08-01,Rice,1006,144009553.366,255422000.0,219.8000031,96.48999786,58.2
2022-09-01,Copper,7403,49622172.592,6634382.0,231.5,87.95999908,58.6
2022-09-01,Cotton Yarn,520512,36615899.395,11813298.0,231.5,87.95999908,58.6
2022-09-01,Rice,1006,119168642.403,217034000.0,231.5,87.95999908,58.6
2022-10-01,Copper,7403,61269217.796,7972490.0,221.0,94.83000183,59.9
2022-10-01,Cotton Yarn,520512,22616663.174,9982527.0,221.0,94.83000183,59.9
2022-10-01,Rice,1006,143722844.953,257507000.0,221.0,94.83000183,59.9
2022-11-01,Copper,7403,58162748.931,7992311.0,223.5,85.43000031,56.7
2022-11-01,Cotton Yarn,520512,19608855.586,6612933.0,223.5,85.43000031,56.7
2022-11-01,Rice,1006,202888760.512,419397000.0,223.5,85.43000031,56.7
2022-12-01,Copper,7403,54906321.076,7284703.0,226.0,85.91000366,59.8
2022-12-01,Cotton Yarn,520512,28475871.471,10343332.0,226.0,85.91000366,59.8
2022-12-01,Rice,1006,178306900.085,331948000.0,226.0,85.91000366,59.8
2023-01-01,Copper,7403,62679779.001,8355354.0,269.0,84.900001525,64.9
2023-01-01,Cotton Yarn,520512,39272660.842,15156083.0,269.0,84.900001525,64.9
2023-01-01,Rice,1006,154936965.587,249510000.0,269.0,84.900001525,64.9
2023-02-01,Copper,7403,40340076.937,5326568.0,259.5,83.88999939,66.9
2023-02-01,Cotton Yarn,520512,30848686.618,11338447.0,259.5,83.88999939,66.9
2023-02-01,Rice,1006,270979376.283,565055000.0,259.5,83.88999939,66.9
2023-03-01,Copper,7403,55465067.904,6955397.0,283.2999878,79.76999664,62.0
2023-03-01,Cotton Yarn,520512,39643596.611,14843781.0,283.2999878,79.76999664,62.0
2023-03-01,Rice,1006,243124258.781,393313000.0,283.2999878,79.76999664,62.0
2023-04-01,Copper,7403,50753778.137,5979515.0,283.25,79.54000092,63.7
2023-04-01,Cotton Yarn,520512,34819827.159,13165316.0,283.25,79.54000092,63.7
2023-04-01,Rice,1006,223762462.529,331293000.0,283.25,79.54000092,63.7
2023-05-01,Copper,7403,52166073.66,5624453.0,285.6000061,72.66000366,59.0
2023-05-01,Cotton Yarn,520512,53205036.279,19968289.0,285.6000061,72.66000366,59.0
2023-05-01,Rice,1006,179488235.81,247464000.0,285.6000061,72.66000366,59.0
2023-06-01,Copper,7403,65774151.941,7041047.0,286.1000061,74.90000153,64.2
2023-06-01,Cotton Yarn,520512,61999404.033,23541339.0,286.1000061,74.90000153,64.2
2023-06-01,Rice,1006,147254482.116,201644000.0,286.1000061,74.90000153,64.2
2023-07-01,Copper,7403,43774280.164,4231283.0,283.8592834,85.55999756,71.5
2023-07-01,Cotton Yarn,520512,54584966.412,20297592.0,283.8592834,85.55999756,71.5
2023-07-01,Rice,1006,116892496.424,172302000.0,283.8592834,85.55999756,71.5
2023-08-01,Copper,7403,56306734.474,6009369.0,303.2271118,86.86000061,69.4
2023-08-01,Cotton Yarn,520512,58330394.115,22617043.0,303.2271118,86.86000061,69.4
2023-08-01,Rice,1006,116701157.066,168451000.0,303.2271118,86.86000061,69.4
2023-09-01,Copper,7403,65720194.562,6835866.0,287.5,95.30999756,67.8
2023-09-01,Cotton Yarn,520512,65948364.444,25011353.0,287.5,95.30999756,67.8
2023-09-01,Rice,1006,172435061.155,255607000.0,287.5,95.30999756,67.8
2023-10-01,Copper,7403,67106616.243,6996560.0,280.7000122,89.069999695,63.8
2023-10-01,Cotton Yarn,520512,52683032.985,19893473.0,280.7000122,89.069999695,63.8
2023-10-01,Rice,1006,304282964.916,459892000.0,280.7000122,89.069999695,63.8
2023-11-01,Copper,7403,67904326.866,7408228.0,285.25,82.83000183,61.3
2023-11-01,Cotton Yarn,520512,49842088.895,19513562.0,285.25,82.83000183,61.3
2023-11-01,Rice,1006,408024539.907,665439000.0,285.25,82.83000183,61.3
2023-12-01,Copper,7403,75431729.757,8309255.0,277.28125,77.04000092,69.7
2023-12-01,Cotton Yarn,520512,51367522.33,20956840.0,277.28125,77.04000092,69.7
2023-12-01,Rice,1006,518469801.711,850242000.0,277.28125,77.04000092,69.7
2024-01-01,Copper,7403,61637671.094,6655720.0,279.0,81.70999908,79.0
2024-01-01,Cotton Yarn,520512,43515287.614,17599892.0,279.0,81.70999908,79.0
2024-01-01,Rice,1006,477189689.496,752179000.0,279.0,81.70999908,79.0
2024-02-01,Copper,7403,44318390.572,4886731.0,277.0768738,83.62000275,76.9
2024-02-01,Cotton Yarn,520512,42516596.816,17072748.0,277.0768738,83.62000275,76.9
2024-02-01,Rice,1006,401687908.053,609463000.0,277.0768738,83.62000275,76.9
2024-03-01,Copper,7403,64793002.024,6809956.0,276.1020203,87.48000336,79.4
2024-03-01,Cotton Yarn,520512,19139706.23,7101136.0,276.1020203,87.48000336,79.4
2024-03-01,Rice,1006,413414154.881,624856000.0,276.1020203,87.48000336,79.4
2024-04-01,Copper,7403,68969901.814,7681065.0,278.0,87.86000061,77.2
2024-04-01,Cotton Yarn,520512,25763906.148,9804138.0,278.0,87.86000061,77.2
2024-04-01,Rice,1006,351693934.008,530186000.0,278.0,87.86000061,77.2
2024-05-01,Copper,7403,61543125.622,6344464.0,278.1499939,81.62000275,69.1
2024-05-01,Cotton Yarn,520512,26848087.393,9968922.0,278.1499939,81.62000275,69.1
2024-05-01,Rice,1006,345497400.66,506702000.0,278.1499939,81.62000275,69.1
2024-06-01,Copper,7403,62192749.69,6376842.0,276.8137817,86.41000366,68.2
2024-06-01,Cotton Yarn,520512,16278546.493,6158519.0,276.8137817,86.41000366,68.2
2024-06-01,Rice,1006,304138481.146,434172000.0,276.8137817,86.41000366,68.2
2024-07-01,Copper,7403,61820944.848,6021625.0,278.5,80.72000122,66.4
2024-07-01,Cotton Yarn,520512,19773943.714,7482770.0,278.5,80.72000122,66.4
2024-07-01,Rice,1006,206359949.713,270814000.0,278.5,80.72000122,66.4
2024-08-01,Copper,7403,61742472.471,5619021.0,278.1499939,78.80000305,67.9
2024-08-01,Cotton Yarn,520512,19967331.413,7616077.0,278.1499939,78.80000305,67.9
2024-08-01,Rice,1006,259123800.266,347178000.0,278.1499939,78.80000305,67.9
2024-09-01,Copper,7403,76251445.538,6840674.0,277.3999939,75.98000335500001,70.1
2024-09-01,Cotton Yarn,520512,19711501.581,7787987.0,277.3999939,75.98000335500001,70.1
2024-09-01,Rice,1006,260782139.625,380728001.046,277.3999939,75.98000335500001,70.1
2024-10-01,Copper,7403,72190996.558,6326824.0,277.5,73.16000366,70.5
2024-10-01,Cotton Yarn,520512,24576795.282,9576787.0,277.5,73.16000366,70.5
2024-10-01,Rice,1006,368616618.115,615161000.0,277.5,73.16000366,70.5
2024-11-01,Copper,7403,85692452.939,7843050.0,277.7999878,72.94000244,71.8
2024-11-01,Cotton Yarn,520512,44362472.24,17350310.0,277.7999878,72.94000244,71.8
2024-11-01,Rice,1006,438094086.893,793807000.0,277.7999878,72.94000244,71.8
2024-12-01,Copper,7403,80252069.75,7322563.0,276.7648315,74.85000228999999,74.0
2024-12-01,Cotton Yarn,520512,32783302.159,12664301.0,276.7648315,74.85000228999999,74.0
2024-12-01,Rice,1006,365930758.501,0.0,276.7648315,74.85000228999999,74.0
2025-01-01,Copper,7403,80518557.005,7383835.0,278.2999878,76.76000214,71.7
2025-01-01,Cotton Yarn,520512,36306036.655,14510141.0,278.2999878,76.76000214,71.7
2025-01-01,Rice,1006,322576982.001,583735000.0,278.2999878,76.76000214,71.7
2025-02-01,Copper,7403,72106244.957,6616744.0,279.2999878,73.18000031,64.7
2025-02-01,Cotton Yarn,520512,23992715.783,9640988.0,279.2999878,73.18000031,64.7
2025-02-01,Rice,1006,291941113.11,536777000.0,279.2999878,73.18000031,64.7
2025-03-01,Copper,7403,84276571.855,8027432.0,275.8041687,74.73999786,57.0
2025-03-01,Cotton Yarn,520512,26734834.848,10688784.0,275.8041687,74.73999786,57.0
2025-03-01,Rice,1006,275027165.169,510997000.0,275.8041687,74.73999786,57.0
2025-04-01,Copper,7403,41405001.57,4060765.0,280.8999939,63.11999893,52.2
2025-04-01,Cotton Yarn,520512,15173047.159,6094388.0,280.8999939,63.11999893,52.2
2025-04-01,Rice,1006,206284671.41,407504000.0,280.8999939,63.11999893,52.2
2025-05-01,Copper,7403,35199527.251,3805505.0,280.6967773,63.90000153,52.2
2025-05-01,Cotton Yarn,520512,14616657.668,5916223.0,280.6967773,63.90000153,52.2
2025-05-01,Rice,1006,239214768.586,459014000.0,280.6967773,63.90000153,52.2
2025-06-01,Copper,7403,42228146.941,4685681.0,282.0514526,68.215000155,60.7
2025-06-01,Cotton Yarn,520512,25593745.779,10626670.0,282.0514526,68.215000155,60.7
2025-06-01,Rice,1006,149923986.258,273183000.0,282.0514526,68.215000155,60.7
2025-07-01,Copper,7403,64826314.228,6680044.0,283.0,72.52999878,61.7
2025-07-01,Cotton Yarn,520512,21435691.683,8953169.0,283.0,72.52999878,61.7
2025-07-01,Rice,1006,168859123.64,294370000.0,283.0,72.52999878,61.7
2025-08-01,Copper,7403,58648065.361,6040755.0,281.8666077,68.12000275,58.2
2025-08-01,Cotton Yarn,520512,22426305.916,9197359.0,281.8666077,68.12000275,58.2
2025-08-01,Rice,1006,146723086.566,252396000.0,281.8666077,68.12000275,58.2
